{
    "loss": 58.28477096557617,
    "accuracy": 0.9971996545791626
}